[
  {
    "question": "Đảng Cộng sản Việt Nam được thành lập vào ngày tháng năm nào?",
    "options": {
      "A": "3/2/1930",
      "B": "3/2/1929",
      "C": "3/2/1931",
      "D": "3/2/1932"
    },
    "answer": "A"
  },
  {
    "question": "Ai là người sáng lập Đảng Cộng sản Việt Nam?",
    "options": {
      "A": "Phan Bội Châu",
      "B": "Hồ Chí Minh",
      "C": "Trần Phú",
      "D": "Nguyễn Ái Quốc"
    },
    "answer": "B"
  },
  {
    "question": "Luận cương chính trị của Đảng Cộng sản Đông Dương được thông qua vào tháng nào?",
    "options": {
      "A": "Tháng 1/1930",
      "B": "Tháng 10/1930",
      "C": "Tháng 3/1931",
      "D": "Tháng 12/1930"
    },
    "answer": "B"
  },
  {
    "question": "Sự kiện lịch sử nào đánh dấu sự mở đầu cuộc kháng chiến chống thực dân Pháp xâm lược?",
    "options": {
      "A": "Cuộc khởi nghĩa Bắc Sơn",
      "B": "Cuộc khởi nghĩa Nam Kỳ",
      "C": "Toàn quốc kháng chiến",
      "D": "Chiến dịch Điện Biên Phủ"
    },
    "answer": "C"
  },
  {
    "question": "Chiến dịch Điện Biên Phủ kết thúc vào ngày nào?",
    "options": {
      "A": "7/5/1954",
      "B": "7/5/1953",
      "C": "7/5/1952",
      "D": "7/5/1951"
    },
    "answer": "A"
  },
  {
    "question": "Đại hội lần thứ II của Đảng Cộng sản Việt Nam tổ chức tại đâu?",
    "options": {
      "A": "Hà Nội",
      "B": "Tuyên Quang",
      "C": "Cao Bằng",
      "D": "Thanh Hóa"
    },
    "answer": "B"
  },
  {
    "question": "Đường lối cách mạng Việt Nam trong giai đoạn 1954-1975 là gì?",
    "options": {
      "A": "Đấu tranh vũ trang giành độc lập",
      "B": "Đấu tranh chính trị hòa bình",
      "C": "Đường lối cách mạng tư sản",
      "D": "Đường lối cách mạng dân tộc dân chủ nhân dân"
    },
    "answer": "D"
  },
  {
    "question": "Ai là Tổng Bí thư của Đảng Cộng sản Việt Nam trong giai đoạn 1930-1935?",
    "options": {
      "A": "Trần Phú",
      "B": "Hà Huy Tập",
      "C": "Lê Duẩn",
      "D": "Nguyễn Văn Cừ"
    },
    "answer": "A"
  },
  {
    "question": "Chính cương của Đảng Lao động Việt Nam được thông qua tại Đại hội nào?",
    "options": {
      "A": "Đại hội I",
      "B": "Đại hội II",
      "C": "Đại hội III",
      "D": "Đại hội IV"
    },
    "answer": "B"
  },
  {
    "question": "Tuyên ngôn Độc lập của nước Việt Nam Dân chủ Cộng hòa được Hồ Chí Minh đọc tại đâu?",
    "options": {
      "A": "Quảng trường Ba Đình",
      "B": "Quảng trường Nhà hát lớn",
      "C": "Quảng trường Cách mạng tháng Tám",
      "D": "Quảng trường Độc Lập"
    },
    "answer": "A"
  },
  {
    "question": "Hiệp định Geneve về Đông Dương được ký kết vào năm nào?",
    "options": { "A": "1954", "B": "1955", "C": "1956", "D": "1957" },
    "answer": "A"
  },
  {
    "question": "Chiến dịch Hồ Chí Minh diễn ra vào năm nào?",
    "options": { "A": "1973", "B": "1974", "C": "1975", "D": "1976" },
    "answer": "C"
  },
  {
    "question": "Đường lối đổi mới của Đảng Cộng sản Việt Nam được khởi xướng vào năm nào?",
    "options": { "A": "1985", "B": "1986", "C": "1987", "D": "1988" },
    "answer": "B"
  },
  {
    "question": "Tác phẩm nào của Hồ Chí Minh được coi là cương lĩnh đầu tiên của Đảng?",
    "options": {
      "A": "Đường Kách Mệnh",
      "B": "Nhật ký trong tù",
      "C": "Bản án chế độ thực dân Pháp",
      "D": "Tuyên ngôn Độc lập"
    },
    "answer": "A"
  },
  {
    "question": "Đảng Cộng sản Việt Nam đã lãnh đạo nhân dân ta thực hiện thắng lợi cuộc cách mạng nào dưới đây?",
    "options": {
      "A": "Cách mạng Tháng Tám 1945",
      "B": "Cách mạng tư sản Pháp 1789",
      "C": "Cách mạng tháng Hai 1917",
      "D": "Cách mạng văn hóa Trung Quốc"
    },
    "answer": "A"
  },
  {
    "question": "Sự kiện nào sau đây là mốc chấm dứt sự tồn tại của chế độ phong kiến ở Việt Nam?",
    "options": {
      "A": "Cách mạng tháng Tám 1945",
      "B": "Khởi nghĩa Yên Bái",
      "C": "Chiến thắng Điện Biên Phủ",
      "D": "Hiệp định Paris 1973"
    },
    "answer": "A"
  },
  {
    "question": "Đường lối 'kháng chiến toàn dân, toàn diện, lâu dài, dựa vào sức mình là chính' được Đảng ta đề ra trong cuộc kháng chiến chống thực dân Pháp tại hội nghị nào?",
    "options": {
      "A": "Hội nghị Trung ương lần thứ 6 (1954)",
      "B": "Hội nghị Trung ương lần thứ 7 (1948)",
      "C": "Hội nghị Trung ương lần thứ 8 (1941)",
      "D": "Hội nghị Trung ương lần thứ 9 (1945)"
    },
    "answer": "B"
  },
  {
    "question": "Mặt trận Việt Minh được thành lập vào thời gian nào?",
    "options": { "A": "1940", "B": "1941", "C": "1942", "D": "1943" },
    "answer": "B"
  },
  {
    "question": "Sự kiện nào đánh dấu việc kết thúc thắng lợi cuộc kháng chiến chống Mỹ cứu nước?",
    "options": {
      "A": "Chiến dịch Hồ Chí Minh 1975",
      "B": "Hiệp định Paris 1973",
      "C": "Chiến dịch Mậu Thân 1968",
      "D": "Cuộc Tổng tiến công và nổi dậy mùa Xuân 1975"
    },
    "answer": "D"
  },
  {
    "question": "Ai là người đầu tiên được bầu làm Tổng Bí thư của Đảng Cộng sản Việt Nam?",
    "options": {
      "A": "Trần Phú",
      "B": "Nguyễn Ái Quốc",
      "C": "Lê Hồng Phong",
      "D": "Trường Chinh"
    },
    "answer": "A"
  },
  {
    "question": "Nghị quyết 15 của Đảng Cộng sản Việt Nam được thông qua vào năm nào?",
    "options": { "A": "1958", "B": "1959", "C": "1960", "D": "1961" },
    "answer": "B"
  },
  {
    "question": "Đảng Cộng sản Đông Dương đổi tên thành Đảng Lao động Việt Nam vào năm nào?",
    "options": { "A": "1945", "B": "1946", "C": "1951", "D": "1953" },
    "answer": "C"
  },
  {
    "question": "Chiến dịch nào dưới đây là chiến thắng lớn đầu tiên của quân dân Việt Nam trong kháng chiến chống Mỹ?",
    "options": {
      "A": "Chiến dịch Ấp Bắc",
      "B": "Chiến dịch Khe Sanh",
      "C": "Chiến dịch Hồ Chí Minh",
      "D": "Chiến dịch Mậu Thân"
    },
    "answer": "A"
  },
  {
    "question": "Hội nghị nào quyết định phát động toàn quốc kháng chiến chống thực dân Pháp xâm lược?",
    "options": {
      "A": "Hội nghị Trung ương lần thứ 6 (1946)",
      "B": "Hội nghị Trung ương lần thứ 7 (1947)",
      "C": "Hội nghị Trung ương lần thứ 8 (1948)",
      "D": "Hội nghị Trung ương lần thứ 9 (1949)"
    },
    "answer": "A"
  },
  {
    "question": "Ai là Tổng Bí thư của Đảng Cộng sản Việt Nam trong giai đoạn 1960-1986?",
    "options": {
      "A": "Lê Duẩn",
      "B": "Trường Chinh",
      "C": "Nguyễn Văn Linh",
      "D": "Phạm Văn Đồng"
    },
    "answer": "A"
  },
  {
    "question": "Đường lối đổi mới của Đảng Cộng sản Việt Nam được thông qua tại Đại hội nào?",
    "options": {
      "A": "Đại hội V",
      "B": "Đại hội VI",
      "C": "Đại hội VII",
      "D": "Đại hội VIII"
    },
    "answer": "B"
  },
  {
    "question": "Nền tảng tư tưởng của Đảng Cộng sản Việt Nam là gì?",
    "options": {
      "A": "Chủ nghĩa Mác-Lênin và tư tưởng Hồ Chí Minh",
      "B": "Chủ nghĩa tư bản và tư tưởng Hồ Chí Minh",
      "C": "Chủ nghĩa xã hội và tư tưởng Hồ Chí Minh",
      "D": "Chủ nghĩa cộng sản và tư tưởng Hồ Chí Minh"
    },
    "answer": "A"
  },
  {
    "question": "Hiệp định Paris về Việt Nam được ký kết vào ngày tháng năm nào?",
    "options": {
      "A": "27/1/1973",
      "B": "27/1/1972",
      "C": "27/1/1971",
      "D": "27/1/1970"
    },
    "answer": "A"
  },
  {
    "question": "Sự kiện nào dưới đây mở ra thời kỳ đổi mới toàn diện ở Việt Nam?",
    "options": {
      "A": "Đại hội Đảng toàn quốc lần thứ VI",
      "B": "Đại hội Đảng toàn quốc lần thứ V",
      "C": "Đại hội Đảng toàn quốc lần thứ IV",
      "D": "Đại hội Đảng toàn quốc lần thứ VII"
    },
    "answer": "A"
  },
  {
    "question": "Phong trào 'Đồng khởi' ở miền Nam Việt Nam bùng nổ vào năm nào?",
    "options": { "A": "1959", "B": "1960", "C": "1961", "D": "1962" },
    "answer": "B"
  },
  {
    "question": "Đường lối công nghiệp hóa, hiện đại hóa đất nước được Đảng Cộng sản Việt Nam đề ra tại Đại hội nào?",
    "options": {
      "A": "Đại hội VIII",
      "B": "Đại hội IX",
      "C": "Đại hội X",
      "D": "Đại hội XI"
    },
    "answer": "B"
  },
  {
    "question": "Chiến lược 'Chiến tranh đặc biệt' của Mỹ ở Việt Nam diễn ra trong những năm nào?",
    "options": {
      "A": "1960-1964",
      "B": "1961-1965",
      "C": "1962-1966",
      "D": "1963-1967"
    },
    "answer": "B"
  },
  {
    "question": "Chiến dịch Hồ Chí Minh bắt đầu vào ngày nào?",
    "options": {
      "A": "26/4/1975",
      "B": "27/4/1975",
      "C": "28/4/1975",
      "D": "29/4/1975"
    },
    "answer": "A"
  },
  {
    "question": "Cương lĩnh xây dựng đất nước trong thời kỳ quá độ lên chủ nghĩa xã hội được thông qua vào năm nào?",
    "options": { "A": "1991", "B": "1992", "C": "1993", "D": "1994" },
    "answer": "A"
  },
  {
    "question": "Ai là Tổng Bí thư của Đảng Cộng sản Việt Nam sau Đại hội VI?",
    "options": {
      "A": "Nguyễn Văn Linh",
      "B": "Đỗ Mười",
      "C": "Nông Đức Mạnh",
      "D": "Lê Khả Phiêu"
    },
    "answer": "A"
  },
  {
    "question": "Chiến dịch nào sau đây không phải là một phần của cuộc Tổng tiến công và nổi dậy mùa Xuân 1975?",
    "options": {
      "A": "Chiến dịch Tây Nguyên",
      "B": "Chiến dịch Huế - Đà Nẵng",
      "C": "Chiến dịch Quảng Trị",
      "D": "Chiến dịch Hồ Chí Minh"
    },
    "answer": "C"
  },
  {
    "question": "Đường lối đối ngoại của Đảng Cộng sản Việt Nam là gì?",
    "options": {
      "A": "Hòa bình, hợp tác và phát triển",
      "B": "Độc lập, tự chủ và hội nhập quốc tế",
      "C": "Hòa bình, tự do và chủ nghĩa xã hội",
      "D": "Độc lập, dân chủ và đoàn kết quốc tế"
    },
    "answer": "B"
  },
  {
    "question": "Đại hội nào của Đảng Cộng sản Việt Nam đã thông qua Cương lĩnh xây dựng đất nước trong thời kỳ quá độ lên chủ nghĩa xã hội?",
    "options": {
      "A": "Đại hội VI",
      "B": "Đại hội VII",
      "C": "Đại hội VIII",
      "D": "Đại hội IX"
    },
    "answer": "B"
  },
  {
    "question": "Ai là Tổng Bí thư của Đảng Cộng sản Việt Nam từ năm 1986 đến 1991?",
    "options": {
      "A": "Đỗ Mười",
      "B": "Nguyễn Văn Linh",
      "C": "Lê Khả Phiêu",
      "D": "Nông Đức Mạnh"
    },
    "answer": "B"
  },
  {
    "question": "Chiến dịch Điện Biên Phủ là chiến thắng quyết định trong kháng chiến chống thực dân Pháp diễn ra vào năm nào?",
    "options": { "A": "1954", "B": "1953", "C": "1952", "D": "1951" },
    "answer": "A"
  },
  {
    "question": "Nghị quyết Trung ương 8 (khóa XI) về chiến lược bảo vệ Tổ quốc trong tình hình mới được thông qua vào năm nào?",
    "options": { "A": "2012", "B": "2013", "C": "2014", "D": "2015" },
    "answer": "B"
  },
  {
    "question": "Phong trào 'Ba sẵn sàng' ở miền Bắc Việt Nam diễn ra trong bối cảnh nào?",
    "options": {
      "A": "Kháng chiến chống Pháp",
      "B": "Kháng chiến chống Mỹ",
      "C": "Đổi mới toàn diện",
      "D": "Xây dựng chủ nghĩa xã hội"
    },
    "answer": "B"
  },
  {
    "question": "Đảng Cộng sản Việt Nam lãnh đạo cuộc kháng chiến chống Mỹ cứu nước từ năm nào đến năm nào?",
    "options": {
      "A": "1954-1975",
      "B": "1955-1975",
      "C": "1956-1975",
      "D": "1957-1975"
    },
    "answer": "A"
  },
  {
    "question": "Ai là Chủ tịch nước đầu tiên của nước Việt Nam Dân chủ Cộng hòa?",
    "options": {
      "A": "Hồ Chí Minh",
      "B": "Tôn Đức Thắng",
      "C": "Trường Chinh",
      "D": "Lê Duẩn"
    },
    "answer": "A"
  },
  {
    "question": "Hiệp định Paris về Việt Nam được ký kết giữa các bên nào?",
    "options": {
      "A": "Việt Nam Dân chủ Cộng hòa và Hoa Kỳ",
      "B": "Việt Nam Dân chủ Cộng hòa và Cộng hòa miền Nam Việt Nam",
      "C": "Hoa Kỳ và Cộng hòa miền Nam Việt Nam",
      "D": "Việt Nam Dân chủ Cộng hòa, Hoa Kỳ, Cộng hòa miền Nam Việt Nam, và Việt Nam Cộng hòa"
    },
    "answer": "D"
  },
  {
    "question": "Đường lối 'Toàn dân, toàn diện, lâu dài và dựa vào sức mình là chính' được Đảng ta đề ra trong cuộc kháng chiến nào?",
    "options": {
      "A": "Kháng chiến chống Pháp",
      "B": "Kháng chiến chống Mỹ",
      "C": "Kháng chiến chống Nhật",
      "D": "Kháng chiến chống Trung Quốc"
    },
    "answer": "A"
  },
  {
    "question": "Tuyên ngôn Độc lập của nước Việt Nam Dân chủ Cộng hòa được công bố vào ngày nào?",
    "options": {
      "A": "2/9/1945",
      "B": "2/9/1946",
      "C": "2/9/1947",
      "D": "2/9/1948"
    },
    "answer": "A"
  },
  {
    "question": "Đảng Cộng sản Việt Nam được thành lập dựa trên sự hợp nhất của các tổ chức cộng sản nào?",
    "options": {
      "A": "Đông Dương Cộng sản Đảng và An Nam Cộng sản Đảng",
      "B": "Đông Dương Cộng sản Đảng và Đông Dương Cộng sản Liên đoàn",
      "C": "An Nam Cộng sản Đảng và Đông Dương Cộng sản Liên đoàn",
      "D": "Đông Dương Cộng sản Đảng, An Nam Cộng sản Đảng và Đông Dương Cộng sản Liên đoàn"
    },
    "answer": "D"
  },
  {
    "question": "Chiến dịch nào được coi là bước ngoặt quyết định trong cuộc kháng chiến chống Mỹ cứu nước?",
    "options": {
      "A": "Chiến dịch Hồ Chí Minh",
      "B": "Chiến dịch Mậu Thân",
      "C": "Chiến dịch Quảng Trị",
      "D": "Chiến dịch Đường 9-Khe Sanh"
    },
    "answer": "A"
  },
  {
    "question": "Cương lĩnh xây dựng đất nước trong thời kỳ quá độ lên chủ nghĩa xã hội được thông qua tại Đại hội nào?",
    "options": {
      "A": "Đại hội VI",
      "B": "Đại hội VII",
      "C": "Đại hội VIII",
      "D": "Đại hội IX"
    },
    "answer": "B"
  }
]
